8712561614122;3;https://www.kifli.hu/17326-axe-black-dezodor
8718114650708;3;https://www.kifli.hu/17338-axe-excite-dezodor
8710447497357;3;https://www.kifli.hu/17350-axe-ice-chill-dezodor
8720181027680;3;https://www.kifli.hu/57815-axe-wild-green-mojito-cedarwood-dezodor
8720181192128;3;https://www.kifli.hu/83159-axe-epic-fresh-aerosol
59086789;3;https://www.kifli.hu/84561
59086802;3;https://www.kifli.hu/84562-axe-ice-chill-dezodor-stift
8717644326671;3;https://www.kifli.hu/98282-axe-dark-temptation-izzadasgatlo-stift
8720181555602;3;https://www.kifli.hu/106653-axe-fine-fragrance-collection-dezodor-blue-lavender
8720181418402;3;https://www.kifli.hu/106652-axe-fine-fragrance-collection-dezodor-black-vanilla
59004660;3;https://www.kifli.hu/106655-axe-fine-fragrance-collection-stift-black-vanilla
8720181555640;3;https://www.kifli.hu/106654-axe-fine-fragrance-collection-dezodor-cherry-fizz
8720181047749;3;https://www.kifli.hu/108305-axe-deo-dark-temptation
59002161;3;https://www.kifli.hu/106656-axe-fine-fragrance-collection-stift-blue-lavender
8710447276600;3;https://www.kifli.hu/9994-axe-black-3-in-1-tusfuerdo-testre-arcra-hajra
8710447284094;3;https://www.kifli.hu/9988-axe-dark-temptation-tusfuerdo
8710447284117;3;https://www.kifli.hu/9997-axe-black-fresh-charge-tusfuerdo
8717163947739;3;https://www.kifli.hu/57812-axe-wild-green-mojito-cedarwood-tusfuerdo
8711600359659;3;https://www.kifli.hu/83164-axe-excite-tusfuerdo
8720181204111;3;https://www.kifli.hu/93912-axe-tusfuerdo-epic-fresh
8720181598616;3;https://www.kifli.hu/108304-axe-tusfuerdo-sunset-fresh
8720181166372;3;https://www.kifli.hu/93911-axe-tusfuerdo-africa
8720181166389;3;https://www.kifli.hu/93910-axe-tusfuerdo-black
8720181415463;3;https://www.kifli.hu/98277-axe-dark-temptation-tusfuerdo
8710447462737;3;https://www.kifli.hu/9985-baba-2in1-sampon-es-balzsam-minden-hajtipusra-mandulaolajjal
8710447462720;3;https://www.kifli.hu/9982-baba-2in1-sampon-es-balzsam-szaraz-es-toeredezett-hajra-kokuszolajjal
8710447462775;3;https://www.kifli.hu/9934-baba-sampon-zsiros-hajra-zoeldtea-kivonattal
8710447462768;3;https://www.kifli.hu/108306-baba-sampon-avokadoolajjal-seruelt-es-szaraz-hajra
8712561704502;3;https://www.kifli.hu/17518-baba-intenziv-testapolo
8712561672511;3;https://www.kifli.hu/17521-baba-aloe-veras-frissito-testapolo
8720181392467;3;https://www.kifli.hu/92838-baba-szappan-lanolinos
8720181109201;3;https://www.kifli.hu/69325-baba-antibakterialis-folyekony-szappan-lime
8720181032905;3;https://www.kifli.hu/9961-baba-kamilla-folyekony-kremszappan
8710447422991;3;https://www.kifli.hu/9976-baba-folyekony-szappan-antibakterialis-hatasu-teafaolajjal
8720181032912;3;https://www.kifli.hu/9958-baba-kamilla-folyekony-kremszappan-utantoelto
8711700677219;3;https://www.kifli.hu/9928-baba-tej-es-gyuemoelcsillat-folyekony-kremszappan-utantoelto
8710447423004;3;https://www.kifli.hu/9973-baba-folyekony-szappan-utantoelto-antibakterialis-hatasu-teafaolajjal
8720181109218;3;https://www.kifli.hu/83166-baba-folyekony-szappan-utantoelto-antibakterialis-lime
8720181392474;3;https://www.kifli.hu/92839-baba-szappan-lanolinos
8720181227004;3;https://www.kifli.hu/83165-baba-folyekony-szappan-utantoelto-antibakterialis-oesszetevovel-teafaolaj
8720181012891;3;https://www.kifli.hu/57830-baba-goeroegdinnye-illatu-tusfuerdo
5996037081394;3;https://www.kifli.hu/9949-baba-lanolin-kremtusfuerdo
5996358011865;3;https://www.kifli.hu/9967-baba-kamilla-es-mez-kremtusfuerdo
8711600748934;3;https://www.kifli.hu/10000-baba-tusfuerdo-kakaovaj
8717644485910;3;https://www.kifli.hu/9943-baba-menta-ferfi-tusfuerdo
8712561021807;3;https://www.kifli.hu/17527-baba-zoeldcitrom-es-menta-frissito-tusfuerdo
8720181350900;3;https://www.kifli.hu/92154
8720181209550;3;https://www.kifli.hu/83167-baba-kenyezteto-tusfuerdo-malna-es-rozsafa-illattal
8720181338182;3;https://www.kifli.hu/91411-baba-kenyezteto-tusfuerdo-edesmandula-illat-macaron-400-ml
8712561399074;3;https://www.kifli.hu/92389-baba-kremtusfuerdo-sheavaj-es-narancsvirag-illat
8717644966594;3;https://www.kifli.hu/92390-baba-2in1-ferfi-tusfuerdo-tengeri-asvany
8720181464171;3;https://www.kifli.hu/98294-baba-joejtpuszi-nyugtato-tusfuerdo-levendula-es-vanilia-illat
8712561398893;3;https://www.kifli.hu/103004-baba-2in1-ferfi-tusfuerdo-vadszederrel-es-gyoemberrel-400-ml
8720181637957;3;https://www.kifli.hu/106122-baba-gyuemoelcsoeskert-tusfuerdo-bogyosgyuemoelcs-illat
8712561399234;3;https://www.kifli.hu/108307-baba-tusfuerdo-gyoengyvirag-viola
8720181637964;3;https://www.kifli.hu/108308-baba-ferfi-tusfuerdo-erzekeny-borre-3in1
8717644119938;3;https://www.kifli.hu/9952-baba-lanolin-kremhabfuerdo
8711600748965;3;https://www.kifli.hu/92392-baba-kremhabfuerdo-kakaovaj
8720181464201;3;https://www.kifli.hu/98283-baba-habcsok-kremhabfuerdo-malna-es-rozsafa-illat
8717644192917;3;https://www.kifli.hu/9946-baba-lanolin-kremtusfuerdo
8717644192948;3;https://www.kifli.hu/9964-baba-kamilla-es-mez-kremtusfuerdo
8710908828577;3;https://www.kifli.hu/87169-baba-tusfuerdo-magnolia-illat
8712561772983;3;https://www.kifli.hu/9970-baba-kakaovaj-kenyezteto-tusfuerdo
8711600390140;3;https://www.kifli.hu/9940-baba-menta-ferfi-tusfuerdo-750-ml
8720181209567;3;https://www.kifli.hu/92387-baba-kenyezteto-tusfuerdo-malna-es-rozsafa-illat
8720181464188;3;https://www.kifli.hu/98276-baba-joejtpuszi-nyugtato-tusfuerdo-levendula-es-vanilia-illat
8720181637971;3;https://www.kifli.hu/106123-baba-gyuemoelcsoeskert-tusfuerdo-bogyosgyuemoelcs-illat-750ml
8720181291449;3;https://www.kifli.hu/91408-dove-deo-calming-blossom-izzadasgatlo-dezodor-150ml
59092674;3;https://www.kifli.hu/73131-dove-go-fresh-acai-bogyo-vizililiom-illatu-golyos-izzadasgatlo
8720181339936;3;https://www.kifli.hu/17374-dove-go-fresh-uborka-es-zoeld-tea-izzadasgatlo-aeroszol-150-ml
8720181291746;3;https://www.kifli.hu/17368-dove-go-fresh-koerte-aloe-vera-izzadasgatlo-aeroszol-150-ml
8720181444524;3;https://www.kifli.hu/98285-dove-advanced-care-go-fresh-peach-white-blossom-izzadasgatlo-dezodor
8720181291562;3;https://www.kifli.hu/17386-dove-advanced-care-invisible-care-izzadasgatlo
8720181291623;3;https://www.kifli.hu/17392-dove-invisible-dry-izzadasgatlo
8720181291715;3;https://www.kifli.hu/17410-dove-advanced-care-original
59095859;3;https://www.kifli.hu/17413-dove-original-izzadasgatlo
59099611;3;https://www.kifli.hu/17416-dove-advanced-care-original-izzadasgatlo-stift
8720181302220;3;https://www.kifli.hu/100971-dove-original-dezodor-0-aluminiumsoval-aeroszol
8720181565830;3;https://www.kifli.hu/105196-dove-go-fresh-dragon-fruit-es-kokusz-izzadasgatlo-aeroszol
59099505;3;https://www.kifli.hu/108312-dove-go-fresh-dragon-fruit-es-kokusz-izzadasgatlo-roll-on
8720181291999;3;https://www.kifli.hu/108310-dove-original-izzadasgatlo-aeroszol
8720181292026;3;https://www.kifli.hu/108311-dove-go-fresh-granatalma-izzadasgatlo-aeroszol
8711600368804;3;https://www.kifli.hu/108309-dove-essential-care-testapolo-szaraz-borre
8710847962783;3;https://www.kifli.hu/109286-dove-summer-revived-oenbarnito-hab-koezepes-soetet-arnyalatu-borre
8710847962769;3;https://www.kifli.hu/109287-dove-summer-revived-oenbarnito-hab-vilagos-koezepes-arnyalatu-borre
8720181260544;3;https://www.kifli.hu/109289-dove-summer-revived-oenbarnito-testapolo-normal-soetet-borre
8720181260506;3;https://www.kifli.hu/109290-dove-summer-revived-oenbarnito-testapolo-vilagos-normal-borre
8720182259813;3;https://www.kifli.hu/85735-dove-pink-kremszappan
8720182258137;3;https://www.kifli.hu/85734-dove-relaxing-kremszappan
8720182259332;3;https://www.kifli.hu/105199-dove-szappan-refreshing-uborka-es-zoeld-tea-illattal
8717163605776;3;https://www.kifli.hu/81155-dove-nourishing-silk-folyekony-kremszappan-250-ml
4000388177000;3;https://www.kifli.hu/9514-dove-szepsegapolo-folyekony-kremszappan
8720181466489;3;https://www.kifli.hu/99440-dove-kremtusfuerdo-hydrate
8720181468513;3;https://www.kifli.hu/99441-dove-kremtusfuerdo-silky-velvet
8717163573792;3;https://www.kifli.hu/81153-dove-nourishing-silk-folyekony-kremszappan-utantoelto-500-ml
8710447482179;3;https://www.kifli.hu/57809-dove-nourishing-secrets-glowing-ritual-folyekony-szappan-utantoelto
8720181121777;3;https://www.kifli.hu/81154-dove-szepsegapolo-folyekony-kremszappan-utantoelto
4000388176904;3;https://www.kifli.hu/9592-dove-caring-bath-kenyezteto-kremhabfuerdo
8720181481079;3;https://www.kifli.hu/85736-dove-nourishing-kremszappan-4x90-g
8720181471742;3;https://www.kifli.hu/99444-dove-kremtusfuerdo-fresh-care
8720181466502;3;https://www.kifli.hu/99442-dove-kremtusfuerdo-hydrate
8720181468438;3;https://www.kifli.hu/99443-dove-kremtusfuerdo-silky-velvet
8720181608391;3;https://www.kifli.hu/105193
8720181468469;3;https://www.kifli.hu/103003-dove-silky-velvet-kremtusfuerdo-720-ml
8720181457425;3;https://www.kifli.hu/99445-dove-advanced-care-kremtusfuerdo-deeply-nourishing
8720181608315;3;https://www.kifli.hu/105192-dove-advanced-care-kremtusfuerdo-replenishing
8720181291890;3;https://www.kifli.hu/110730
59099710;3;https://www.kifli.hu/17401-dove-men-care-clean-comfort-izzadasgatlo-stift
8720181284373;3;https://www.kifli.hu/17404-dove-men-care-invisible-dry-izzadasgatlo
8720181284335;3;https://www.kifli.hu/92156-dove-men-care-izzadasgatlo-dezodor-150ml-clean-comfort
59099734;3;https://www.kifli.hu/105198-dove-men-care-invisible-dry-stift
8720181570070;3;https://www.kifli.hu/108313-dove-men-care-sandalwood-vanilla-izzadasgatlo-aeroszol
8720181284953;3;https://www.kifli.hu/105197-dove-men-care-invisible-dry-aerosol
8720181313417;3;https://www.kifli.hu/9556-dove-men-care-clean-comfort-tusfuerdo
8720181313431;3;https://www.kifli.hu/9550-dove-men-care-refreshing-extra-fresh-tusfuerdo-testre-arcra-hajra
8720181313448;3;https://www.kifli.hu/9559-dove-men-care-clean-comfort-ferfi-tusfuerdo-testre-es-arcra
8720181573576;3;https://www.kifli.hu/105195-dove-men-care-vanilla-sandalwood-tusfuerdo
8720181375231;3;https://www.kifli.hu/105194-dove-men-care-clean-comfort
8717163340561;3;https://www.kifli.hu/17434-rexona-aloe-vera-izzadasgatlo
59004783;3;https://www.kifli.hu/92155-rexona-stift-aloe-vera
8712561319409;3;https://www.kifli.hu/17455-rexona-invisible-on-black-white-clothes-izzadasgatlo-actions
96086230;3;https://www.kifli.hu/17458-rexona-stift-invisible-black-white
73103714;3;https://www.kifli.hu/17476-rexona-men-cobalt-dry-izzadasgatlo-stift
8712561534444;3;https://www.kifli.hu/17479-rexona-men-invisible-on-black-white-clothes-izzadasgatlo
8717644585337;3;https://www.kifli.hu/17503-rexona-sexy-bouquet-izzadasgatlo
8711600350212;3;https://www.kifli.hu/17506-rexona-shower-fresh-deo
59002222;3;https://www.kifli.hu/108314-rexona-izzadasgatlo-stift-bright-bouquet
8720181334757;3;https://www.kifli.hu/108315-rexona-men-izzadasgatlo-aeroszol-cobalt-dry
8720181450402;3;https://www.kifli.hu/98287-rexona-advanced-protection-aloe-vera-scent-izzadasgatlo-dezodor
8720181450396;3;https://www.kifli.hu/98286-rexona-advanced-protection-bright-bouquet-izzadasgatlo-dezodor
8720181450419;3;https://www.kifli.hu/98288-rexona-advanced-protection-invisible-izzadasgatlo-dezodor
8720181449857;3;https://www.kifli.hu/98289-rexona-men-advanced-protection-cobalt-dry-izzadasgatlo-dezodor
8720181449871;3;https://www.kifli.hu/98290-rexona-men-advanced-protection-invisible-izzadasgatlo-dezodor
8711600504141;3;https://www.kifli.hu/108321-rexona-krem-deo-max-pro-confidence
5900300856794;3;https://www.kifli.hu/8884-signal-family-daily-white-fogkrem
5900300056002;3;https://www.kifli.hu/8881-signal-family-herbal-fresh-fogkrem
8720181501845;3;https://www.kifli.hu/8860-signal-junior-fogkrem-mentas-super-mario-6-13-ev-koezoetti-gyerekeknek
8710447328095;3;https://www.kifli.hu/8872-signal-long-active-nature-elements-coco-white-fogkrem
8710522417379;3;https://www.kifli.hu/13201-signal-long-active-nature-elements-charcoal-white-detox-fogkrem
8720181437243;3;https://www.kifli.hu/98293-signal-extra-fresh-intense-fogkrem
8720181501821;3;https://www.kifli.hu/101176-signal-kids-eperizu-fogkrem-gyermekeknek-0-6-eves-korig
8720181275401;3;https://www.kifli.hu/100910-signal-sensisoft-clean-duo-fogkefe
8720181327155;3;https://www.kifli.hu/87085-signal-fogkrem-white-now-gold
8717644461068;3;https://www.kifli.hu/8845-signal-white-now-fogkrem
8718114198903;3;https://www.kifli.hu/8836-signal-white-now-koezepes-kemenysegu-fogkefe
8720181196157;3;https://www.kifli.hu/83154-signal-white-now-sensitive-fogkrem
8710604754200;3;https://www.kifli.hu/98292-signal-white-now-detox-mineral-clay-activated-charcoal-fogkrem
8720181327186;3;https://www.kifli.hu/92550-signal-fogkrem-whitenow-timecorrect
8720181449260;3;https://www.kifli.hu/99897-tresemme-24h-volume-hajbalzsam
8720181238079;3;https://www.kifli.hu/57644-tresemme-biotin-repair-hajpakolas
8710522323120;3;https://www.kifli.hu/57320-tresemme-biotin-repair-7-sampon-karosodott-hajra
8710522323007;3;https://www.kifli.hu/57323-tresemme-keratin-smooth-sampon
5012254068151;3;https://www.kifli.hu/57326-tresemme-extra-hold-eros-tartast-ado-hajlakk
8710847940781;3;https://www.kifli.hu/73134-tresemme-volumennoevelo-szaraz-sampon
8710847974427;3;https://www.kifli.hu/74516-tresemme-purify-hydrate-sampon-zsiros-hajra
8720181446863;3;https://www.kifli.hu/99898-tresemme-24h-volume-sampon
8710847974441;3;https://www.kifli.hu/74517-tresemme-purify-hydrate-hajbalzsam-zsiros-hajra
8720181449246;3;https://www.kifli.hu/99899-tresemme-revitalize-colour-hajbalzsam-festett-hajra
8710522323144;3;https://www.kifli.hu/57341-tresemme-biotin-repair-7-hajbalzsam-karosodott-hajra
8720181446849;3;https://www.kifli.hu/100084-tresemme-revitalize-colour-sampon-festett-hajra
8720181538988;3;https://www.kifli.hu/105200-tresemme-lamellar-shine-sampon-a-fenyes-hajert
8720181446818;3;https://www.kifli.hu/108319-tresemme-flawless-waves-sampon-hullamos-goendoer-hajra
;3;https://www.kifli.hu/92006-tresemme-biotin-repair-7-sampon-karosodott-hajra-400ml-ajandek-tresemme-mini-extra-tartast-ado-hajlakk-100ml
8720181538995;3;https://www.kifli.hu/105201-tresemme-lamellar-shine-hajbalzsam-a-fenyes-hajert
8720181539183;3;https://www.kifli.hu/108318-tresemme-lamellar-shine-hajvegapolo-olaj-a-fenyes-hajert
8720181518942;3;https://www.kifli.hu/108317-tresemme-lamellar-shine-hajpakolas
8720181539404;3;https://www.kifli.hu/108316-tresemme-lamellar-shine-hajszerum
42182627;3;https://www.kifli.hu/98296-vaseline-tegelyes-vazelin-krem
42182634;3;https://www.kifli.hu/98295-vaseline-tegelyes-vazelin-krem
8720181061707;3;https://www.kifli.hu/98403-vaseline-ajakbalzsam-original
8712561561686;3;https://www.kifli.hu/97760-cif-cleanboost-surolokrem-makacs-szennyezodesekre-lemon
8720182848390;3;https://www.kifli.hu/100247-cif-3in1-multipurpose-spray-levendula-kekpafrany
8717644075111;3;https://www.kifli.hu/10006-cif-brilliance-folyekony-tisztitoszer-ocean
8717644075265;3;https://www.kifli.hu/10009-cif-brilliance-folyekony-tisztitoszer-pink-orchidea
8712561552776;3;https://www.kifli.hu/9742-cif-lemon-surolokrem-mikrokristalyokkal
8712561552905;3;https://www.kifli.hu/9736-cif-original-surolokrem-mikrokristalyokkal
8712561552936;3;https://www.kifli.hu/97761-cif-cleanboost-surolokrem-makacs-szennyezodesekre-pink
8717163522103;3;https://www.kifli.hu/97763-cif-cleanboost-surolokrem-makacs-szennyezodesekre-lemon
8720181338489;3;https://www.kifli.hu/76227-cif-perfect-finish-fuerdoszobai-vizkooldo-spray
8720181338458;3;https://www.kifli.hu/87084-cif-perfect-finish-inox-spray-rozsdamentes-acel-felueletre
8720181338496;3;https://www.kifli.hu/83144-cif-perfect-finish-sueto-es-grill-tisztito-spray
8712561142342;3;https://www.kifli.hu/9730-cif-power-shine-konyhai-zsiroldo-spray
8712561212144;3;https://www.kifli.hu/9733-cif-spray-power-shine-vizkooldo
8000660310282;3;https://www.kifli.hu/83135-coccolino-kek-illatparna-kek
8710908176852;3;https://www.kifli.hu/60422-coccolino-pink-illatparna
8000660310466;3;https://www.kifli.hu/83134-coccolino-vaporesse-vasalofolyadek
8720181674174;3;https://www.kifli.hu/106659-coccolino-nedves-illatosito-kendo-szaritogepbe-blue
8720181409707;3;https://www.kifli.hu/96091-coccolino-oeblitokoncentratum-honeysuckle-sandalwood-1275ml
8720181409714;3;https://www.kifli.hu/96089-coccolino-oeblitokoncentratum-purple-orchid-blueberries-1275ml
8720181409684;3;https://www.kifli.hu/96090-coccolino-oeblitokoncentratum-snapdragon-patchouli-1275ml
8720181680403;3;https://www.kifli.hu/110466-coccolino-illatfokozo-mosoparfuem-heavenly-fresh-460-ml
8720181680410;3;https://www.kifli.hu/110467-coccolino-illatfokozo-mosoparfuem-first-blooms-460-ml
8720181680427;3;https://www.kifli.hu/110468-coccolino-illatfokozo-mosoparfuem-summer-bouquet-460-ml
8720181410680;3;https://www.kifli.hu/96086-coccolino-blue-splash-oeblitokoncentratum-1700ml
8720181410666;3;https://www.kifli.hu/96084-coccolino-happy-yellow-oeblitokoncentratum-1700ml
8720181410659;3;https://www.kifli.hu/96088-coccolino-orange-flower-oeblitokoncentratum-1700ml
8720181410673;3;https://www.kifli.hu/96087-coccolino-sensitive-pure-oeblitokoncentratum-1700ml
8720181410642;3;https://www.kifli.hu/96085-coccolino-silk-lily-oeblitokoncentratum-1700ml
8720181414930;3;https://www.kifli.hu/96093-coccolino-ultrakoncentralt-oeblito-coco-fantasy-870ml
8720181414909;3;https://www.kifli.hu/96099-coccolino-ultrakoncentralt-oeblito-fresh-sky-870ml
8720181414916;3;https://www.kifli.hu/96098-coccolino-ultrakoncentralt-oeblito-fuchsia-passion-870ml
8720181414923;3;https://www.kifli.hu/96092-coccolino-ultrakoncentralt-oeblito-sensitive-pure-870ml
8720181409790;3;https://www.kifli.hu/96081-coccolino-perfume-passion-flower-bergamot-oeblitokoncentratum-1600ml
8720181410635;3;https://www.kifli.hu/96083-coccolino-oeblitokoncentratum-sensitive-almond-1600ml
8720181409783;3;https://www.kifli.hu/96082-coccolino-oeblitokoncentratum-tiare-flower-red-fruits-1600ml
8720181409752;3;https://www.kifli.hu/96094-coccolino-oeblitokoncentratum-water-lily-pink-grapefruit-1600ml
8720181619892;3;https://www.kifli.hu/110463-coccolino-oeblito-blue-splash-3000-ml
8720181619861;3;https://www.kifli.hu/110464-coccolino-oeblito-sensitive-pure-3000-ml
8720181619908;3;https://www.kifli.hu/110465-coccolino-oeblito-happy-yellow-3000-ml
8720181513121;3;https://www.kifli.hu/106658-coccolino-oeblitokoncentratum-passion-flower-bergamot-2x1275ml
8720181513114;3;https://www.kifli.hu/98057-coccolino-blue-splash-duopack-2x1700ml
8720181513107;3;https://www.kifli.hu/98055-coccolino-sensitive-duopack-2x1700ml
8720181676413;3;https://www.kifli.hu/106142-coccolino-wonder-wash-mosogel-gyors-mosashoz-ultra-care-1-48l
8720181676420;3;https://www.kifli.hu/106140-coccolino-wonder-wash-mosogel-gyors-mosashoz-odor-defence-1-48l
8720181676406;3;https://www.kifli.hu/106141-coccolino-wonder-wash-mosogel-gyors-mosashoz-speed-clean-1-48l
8720181512865;3;https://www.kifli.hu/102233-coccolino-mosokapszula-color-26-db
8720181019432;3;https://www.kifli.hu/83151-coccolino-mosogel-fekete-es-soetet-ruhakhoz-1-8-liter
8720181168550;3;https://www.kifli.hu/80200-coccolino-sensitive-mosogel-1-72-l
8720181019449;3;https://www.kifli.hu/83152-coccolino-mosogel-feher-ruhakhoz-1-8-liter
8720181019425;3;https://www.kifli.hu/83150-coccolino-mosogel-szines-ruhakhoz-1-8-liter
8720181548871;3;https://www.kifli.hu/101000-coccolino-mosogel-soetet-ruhakhoz-2-72l
8720181548857;3;https://www.kifli.hu/100999-coccolino-mosogel-szines-ruhakoz-2-72l
8720181548840;3;https://www.kifli.hu/101002-coccolino-mosogel-sensitive-2-52l
8720181548864;3;https://www.kifli.hu/101001-coccolino-mosogel-feher-ruhakhoz-2-72l
8720181512872;3;https://www.kifli.hu/102232-coccolino-mosokapszula-black-40-db
8720181512889;3;https://www.kifli.hu/102231-coccolino-mosokapszula-color-40-db
8720182931412;3;https://www.kifli.hu/101384-coccolino-sensitive-oeblito-es-mososzer-csomag
8720181345920;3;https://www.kifli.hu/92362-domestos-power-fresh-wc-tisztito-gel-vizko-lerakodas-ellen-floral-fresh-intenziv-illattal
8720181345913;3;https://www.kifli.hu/92363-domestos-power-fresh-wc-tisztito-gel-vizko-lerakodas-ellen-lime-fresh-intenziv-illattal
8718114635729;3;https://www.kifli.hu/9616-domestos-zero-blue-wc-vizkooldo-gel
8717644169490;3;https://www.kifli.hu/9613-domestos-zero-lime-wc-vizkooldo-gel
8720182898692;3;https://www.kifli.hu/90642-domestos-zero-wc-pink-vizkooldo
8720181621475;3;https://www.kifli.hu/110469-domestos-extended-power-fertotlenito-hatasu-tisztitoszer-original-750-ml
8717163286975;3;https://www.kifli.hu/74775-domestos-extended-power-fertotlenito-atlantic-fresh
5996037079780;3;https://www.kifli.hu/9652-domestos-extended-power-citrus-fresh-suru-fertotlenito-hatasu-folyekony-tisztitoszer
8717163760192;3;https://www.kifli.hu/9643-domestos-extended-power-lavender-fertotlenito-hatasu-folyekony-tisztitoszer
5996037079797;3;https://www.kifli.hu/9649-domestos-extended-power-fertotlenito-hatasu-folyekony-tisztitoszer-pine-fresh
5996358010714;3;https://www.kifli.hu/90639-domestos-extended-power-fertotlenito-hatasu-folyekony-tisztitoszer-pink
8710908675089;3;https://www.kifli.hu/36250-domestos-extended-power-fertotlenito-hatasu-folyekony-tisztitoszer-white-shine
8717163983119;3;https://www.kifli.hu/36253-domestos-zoeld-kert-suru-feherito-folyadek
8720181345944;3;https://www.kifli.hu/96117-domestos-protection-klormentes-fertotlenites-eucalyptus-wild-mint-friss-illattal
8720181345951;3;https://www.kifli.hu/96116-domestos-protection-klormentes-fertotlenites-sea-breeze-lavender-friss-illattal
8720182903150;3;https://www.kifli.hu/101302-domestos-power5-wc-frissito-blokk-lavender-2x50g
8720182911513;3;https://www.kifli.hu/101289-domestos-power5-wc-frissito-blokk-magic-unicorn-2x50g
8720182903266;3;https://www.kifli.hu/101288-domestos-power5-wc-frissito-blokk-magnolia-2x50g
8720182796400;3;https://www.kifli.hu/97764-domestos-power-foam-wc-es-fuerdoszoba-tisztito-hab-arctic-fresh
8720182796417;3;https://www.kifli.hu/97765-domestos-power-foam-wc-es-fuerdoszoba-tisztito-hab-citrus-blast
8720182796424;3;https://www.kifli.hu/97766-domestos-power-foam-wc-es-fuerdoszoba-tisztito-hab-floral-fresh
8720181721335;3;https://www.kifli.hu/110471-domestos-power-foam-wc-es-fuerdoszoba-tisztito-hab-limescale-remover-435-ml
8720181349836;3;https://www.kifli.hu/98059-domestos-higienikus-toerlokendo-lemon-fertotlenito
8720181349843;3;https://www.kifli.hu/98058-domestos-higienikus-toerlokendo-ocean
8721201980190;3;https://www.kifli.hu/110470-domestos-extended-power-fertotlenito-hatasu-tisztitoszer-pink-1250-ml
8712561293518;3;https://www.kifli.hu/86684-domestos-extended-power-citrus-fresh-suru-fertotlenito-hatasu-tisztitoszer-1250-ml
8712561293082;3;https://www.kifli.hu/86683-domestos-extended-power-pine-fresh-suru-fertotlenito-hatasu-tisztitoszer-1250-ml
8718114433950;3;https://www.kifli.hu/44249-domestos-universal-hygiene-fertotlenito-hatasu-tisztito-spray
8720182911568;3;https://www.kifli.hu/101293-domestos-power5-wc-frissito-blokk-magic-unicorn-3x50g
8720182926081;3;https://www.kifli.hu/101292-domestos-power5-wc-frissito-blokk-lavender-3x50g
8720182903143;3;https://www.kifli.hu/101291-domestos-power5-wc-frissito-blokk-lime-3x50g
8720182903167;3;https://www.kifli.hu/101290-domestos-power5-wc-frissito-blokk-ocean-3x50g
8720182903846;3;https://www.kifli.hu/101295-domestos-aroma-lux-wc-frissito-blokk-dahlia-wish-koncentralt-illoolajokkal-3x50g
8720182903235;3;https://www.kifli.hu/101296-domestos-aroma-lux-wc-frissito-blokk-hibiscus-charm-koncentralt-illoolajokkal-3x50g
8720182903884;3;https://www.kifli.hu/101294-domestos-aroma-lux-wc-frissito-blokk-white-rose-dream-koncentralt-illoolajokkal-3x50g
5996037079544;3;https://www.kifli.hu/97771-domestos-extended-power-suru-fertotlenito-hatasu-tisztitoszer-pine-fresh
8720182917539;3;https://www.kifli.hu/101301-domestos-power5-wc-frissito-blokk-magic-unicorn-5x50g
8720182924421;3;https://www.kifli.hu/101297-domestos-power5-wc-frissito-blokk-lime-6x50g
8720182924407;3;https://www.kifli.hu/101300-domestos-power5-wc-frissito-blokk-mix-magnolia-lavender-6x50g
8720182924414;3;https://www.kifli.hu/101298-domestos-power5-wc-frissito-blokk-ocean-6x50g
8720182924384;3;https://www.kifli.hu/101299-domestos-power5-wc-frissito-blokk-mix-lime-ocean-6x50g
8720181348853;3;https://www.kifli.hu/98060-domestos-higienikus-toerlokendo-lemon-fertotlenito
8717163287477;3;https://www.kifli.hu/9487-floraszept-otthon-fertotlenito-hatasu-folyekony-tisztitoszer
8717163287507;3;https://www.kifli.hu/9484-floraszept-otthon-fertotlenito-hatasu-folyekony-tisztitoszer-friss-citrom-illattal
8711600283060;3;https://www.kifli.hu/9499-floraszept-fuerdoszobai-tisztitoszer-750-ml
8711600283039;3;https://www.kifli.hu/9496-floraszept-konyhai-zsiroldo-750-ml
8717163891438;3;https://www.kifli.hu/36244-floraszept-konyhai-klormentes-fertotlenito-tisztitoszer
8720181387753;3;https://www.kifli.hu/9502-floraszept-botanitech-fuerdoszobai-fertotlenito-spray
8720181408793;3;https://www.kifli.hu/83133-floraszept-botanitech-univerzalis-fertotlenito-padlo-es-feluelettisztito
8720181409059;3;https://www.kifli.hu/9493-floraszept-botanitech-univerzalis-fertotlenito-padlo-es-feluelettisztito-levendula
8720181403347;3;https://www.kifli.hu/83132-floraszept-botanitech-fertotlenito-univerzalis-spray
8594005390225;3;https://www.kifli.hu/8770-szavo-penesz-elleni-szer
8594005396746;3;https://www.kifli.hu/90649-szavo-penesz-elleni-szer-fuerdo